Original text,Species
Sorbus aria,
Corylus colurna,
Erable sycomore - Acer pseudoplatanus,
Fraxinus Ornus,
"Acer pseudoplatanus, Acer platanoides, Tilia cordata, Tilia platiphyllos, Sorbus aucuparia, Sorbus montanus,",
Flatterulme,
"cormier (Sorbus domestica), frêne à fleurs (Fraxinus Ornus), orme de montagne (Ulmus glabre), Sorbus aria.",
Quercus pubescens,
Tilia cordata,
Chêne pubescent,
"Acer opalus, monspeliensis; Sorbus aria, domestica; Fraxinus ornus; Quercus zeen; ...",
fraxinus ornus,
"Acer platanoides, Acer pseudoplatanus, Quercus polycarpa, Q. dalechampii, Q. pubescens/virgiliana, Q. frainetto, Fraxinus excelsior, Ulmus glabra",
"Every native tree species, which should be applicable",
Pas de plantation dans ma région.,
Alnus glutinosa,
orme des montagnes,
"Qurcus robur, Fraxinus excelsior, Acer pseudoplatanus",
Sorbus domestica cormier,
Cormier,
grusza,
Querqus robur,
Acer platanoides,
Prunus avium,
Quercus ilex,
Acer pseudoplatanus si platanoides,
vadgyümölcsök,
Carpinus betulus,
Eucalyptus globulus,
Quercus cerris L.,
Nu,
"Mezei szil, magyar kőris, tatárjuhar",
trnka obecná,
Carya spec.,
Sorbus domestica,
Acer pseudoplatanus,
"Il manque \""risque d'être affecté par des stress climatiques\"" dans les raisons du \""NON\"" !! Du coup j'ai mis partout \""maladies\"" ... Je plante d'autres feuillus, que j'ai mis dans la partie \""Résineux\"" de l'enquête.",
No other suggestions,
Several of these tree species are not native in Sweden or can only be cultivated in the most southern parts. I would choose eg Acer platanoides and Sorbus aucaparia,
"Thuja plicata, Hemlocktanne",
Sureau,
diverse...,
Alnus,
Fraxinus exelsior,
"Hainbuche, Winter/Sommerlinde",
"Schneeballblättriger Ahorn, Baumhasel",
Schneeballblättriger Ahorn / Baumhasel,
Acer opalus,
"Juglans regia, Sorbus domestica, und weitere",
Quercus robur,
sorbus aoccuparia,
Baumweide / Baumhasel / Esskastanie / Zerreiche / Aspe /,
érable sycomore,
"Coryllus colurna, Quercus palustris, Juglans regia",
Quercus Pubescens,
Liriodendron tulipifera,
Roteiche,
Baumhasel,
"Chênes  : vert, pubescent, chevelu, tauzin, de Hongrie, du Portugal, érable plane, érable de Montpellier, cormier, liquidambar, noisetier de Bysance, frêne à feuilles étroites",
Liquidambar,
sapin turquie,
ginkho,
Nem tudom,
Erable sycomore,
tilleul à petite feuille,
espèces mellifères,
Tilleu à GF et PFeuilles,
MEURISIER,
Flaumeiche,
Betula celtiberica,
Tilia cordata and platyphyllos,
Iranian quercus castaneifolia,
Quercus suber,
Ulmus minor,
Fraxinus excelsior,
"Divja češnja, tepka, lesnika",
"Corylus colurna, Q. pubescens, Q. faginea, Q. cerris, Q. pyrenaica, Sorbus domestica, Acer platanoides, Acer monspessulanumm",
Quercus frainetto,
Betula pubescens,
Eucalyptus nitens,
minor broadleaf species,
Pinus pinea,
Fraxinus angustifolia subsp. pannonica,
